,game_rk,quest_rk,employee_rk,game_dttm,price,game_flg,finish_flg,time
0,9,24,4,2022-12-07 03:35:01.504956,1801.54,1,1,16:50:33
1,41,14,10,2023-01-24 00:50:38.029468,1996.72,1,1,04:35:40
2,57,29,8,2022-12-30 01:27:43.771770,2742.21,1,0,04:00:22
3,73,14,10,2022-11-26 12:23:44.323394,1935.05,1,0,06:49:44
4,105,24,16,2023-01-21 19:20:42.404956,1158.44,1,0,20:50:49
5,153,14,7,2022-11-11 21:58:02.612411,1941.69,1,0,12:54:18
6,169,3,7,2022-11-25 05:32:28.789564,2613.86,1,1,08:55:42
7,217,31,13,2022-12-01 01:21:07.137511,1365.26,1,0,23:59:57
8,233,25,7,2022-11-30 12:37:52.427344,2632.56,1,1,22:49:59
9,249,9,4,2022-11-14 10:51:49.333676,2971.91,1,0,18:47:33
10,350,17,11,2022-12-30 05:53:39.720349,2962.87,1,1,18:33:51
11,366,21,4,2023-01-15 16:48:40.542263,1059.8,1,1,22:19:51
12,414,7,14,2022-12-11 01:59:14.948597,1995.02,1,0,15:01:41
13,446,24,3,2022-11-05 22:07:44.291695,2098.41,1,0,07:02:23
14,25,22,10,2023-03-02 18:22:24.603892,2660.42,0,0,00:00:00
15,89,21,3,2023-02-06 18:29:25.215932,1690.47,0,0,00:00:00
16,121,2,5,2023-02-19 04:40:55.343498,1087.3,0,0,00:00:00
17,201,30,14,2023-02-22 07:14:06.845444,2555.43,0,0,00:00:00
18,270,13,13,2023-02-07 02:19:47.871864,1132.48,0,0,00:00:00
19,286,29,7,2023-02-13 21:59:29.313731,2131.0,0,0,00:00:00
20,302,15,15,2023-03-01 16:17:41.371658,2277.81,0,0,00:00:00
21,318,21,5,2023-02-09 04:45:21.224454,2678.6,0,0,00:00:00
22,334,3,10,2023-02-02 17:05:43.330398,1485.52,0,0,00:00:00
23,137,17,15,2023-03-09 00:06:30.359580,1406.27,0,0,00:00:00
24,185,21,14,2023-02-24 09:45:50.349033,1534.72,0,0,00:00:00
25,382,2,10,2023-02-05 02:04:34.669415,1727.64,0,0,00:00:00
26,398,3,5,2023-02-21 21:51:25.196543,1472.86,0,0,00:00:00
27,430,30,14,2023-03-15 04:22:53.390686,1894.11,0,0,00:00:00
28,22,2,14,2022-12-14 12:04:00.773186,2461.88,1,1,20:34:46
29,54,22,1,2022-10-25 20:09:48.591832,2093.63,1,0,22:20:10
30,70,14,10,2023-01-21 17:53:24.643384,1955.76,1,1,20:44:50
31,102,25,5,2022-11-21 03:42:13.494004,1156.75,1,1,16:45:18
32,150,29,13,2022-12-29 16:17:59.851944,1579.96,1,0,07:18:03
33,166,31,4,2022-11-28 10:13:12.847144,1358.66,1,1,21:43:28
34,198,13,1,2022-12-31 05:55:50.804249,2699.44,1,0,13:09:19
35,214,23,3,2023-01-27 23:23:08.090935,1468.46,1,1,06:13:10
36,230,2,3,2023-01-19 04:11:41.333338,1348.03,1,0,03:17:54
37,305,30,3,2022-10-08 07:14:46.866268,2948.99,1,0,19:56:05
38,353,3,1,2022-11-09 21:29:46.931969,1846.98,1,0,20:51:10
39,369,25,16,2022-12-29 11:31:43.042839,2062.74,1,0,16:30:11
40,433,30,14,2023-01-03 02:26:32.639373,2296.49,1,0,06:18:08
41,449,2,4,2023-01-31 09:08:22.656417,1846.31,1,0,13:35:29
42,6,3,14,2023-02-03 16:23:27.883719,1545.97,0,0,00:00:00
43,38,17,8,2023-03-12 05:23:52.073478,1075.14,0,0,00:00:00
44,86,3,8,2023-02-03 05:47:20.687924,2772.77,0,0,00:00:00
45,182,30,3,2023-02-17 22:44:13.552642,1076.42,0,0,00:00:00
46,246,7,14,2023-03-07 20:43:18.266105,1354.25,0,0,00:00:00
47,321,2,1,2023-02-11 02:01:45.623420,2851.62,0,0,00:00:00
48,417,21,4,2023-02-12 06:48:06.059140,1851.87,0,0,00:00:00
49,118,30,15,2023-03-31 23:41:45.042189,2760.57,0,0,00:00:00
50,134,3,15,2023-02-04 00:57:56.378810,2016.21,0,0,00:00:00
51,257,25,15,2023-03-03 13:44:59.664241,1433.7,0,0,00:00:00
52,273,14,11,2023-03-10 21:11:58.925089,1622.61,0,0,00:00:00
53,289,1,11,2023-03-07 10:45:05.575454,2826.66,0,0,00:00:00
54,337,13,7,2023-03-23 23:48:34.394384,1533.47,0,0,00:00:00
55,385,7,8,2023-02-07 08:06:16.059812,2735.41,0,0,00:00:00
56,401,14,7,2023-03-29 16:07:43.582868,1874.16,0,0,00:00:00
57,15,13,11,2022-11-17 02:13:10.970497,2701.92,0,0,00:00:00
58,79,31,3,2022-12-02 19:53:58.107147,1399.31,0,0,00:00:00
59,111,21,14,2022-11-22 09:31:30.506502,1349.32,0,0,00:00:00
60,127,15,7,2022-12-27 01:59:28.540922,1557.79,0,0,00:00:00
61,143,22,8,2022-12-30 10:39:51.834731,1880.07,0,0,00:00:00
62,276,21,14,2023-01-26 06:21:12.521562,1764.56,0,0,00:00:00
63,308,31,7,2023-01-28 22:58:44.244158,1059.23,0,0,00:00:00
64,340,14,16,2023-01-18 05:11:23.051991,2568.05,0,0,00:00:00
65,356,23,14,2022-12-14 00:40:16.405924,1701.0,0,0,00:00:00
66,452,14,10,2022-09-16 10:44:52.347362,2079.02,0,0,00:00:00
67,159,13,14,2023-02-14 23:17:07.238377,2334.27,0,0,00:00:00
68,175,21,7,2023-02-11 22:12:11.897164,2540.14,0,0,00:00:00
69,191,23,5,2023-02-03 12:13:17.307846,2276.24,0,0,00:00:00
70,207,21,15,2023-02-03 05:31:09.006654,2978.73,0,0,00:00:00
71,388,3,5,2023-03-09 06:00:21.726697,2750.78,0,0,00:00:00
72,404,30,15,2023-02-23 02:49:19.367587,2532.84,0,0,00:00:00
73,31,30,10,2023-03-09 00:06:30.359580,1977.74,0,0,00:00:00
74,47,13,1,2023-02-24 09:45:50.349033,1453.08,0,0,00:00:00
75,63,29,1,2023-02-05 02:04:34.669415,2687.19,0,0,00:00:00
76,95,14,5,2023-02-21 21:51:25.196543,2433.6,0,0,00:00:00
77,223,19,14,2023-03-15 04:22:53.390686,1895.36,0,0,00:00:00
78,239,3,5,2023-02-24 21:03:04.656090,1673.97,0,0,00:00:00
79,255,24,14,2023-02-05 17:14:39.324353,1733.7,0,0,00:00:00
80,260,23,14,2023-03-05 04:57:46.529202,1809.18,0,0,00:00:00
81,292,24,11,2023-03-17 21:13:53.799702,1007.22,0,0,00:00:00
82,324,14,1,2023-04-02 21:03:44.576372,2038.21,0,0,00:00:00
83,372,15,8,2023-02-11 04:59:34.900210,2267.33,0,0,00:00:00
84,420,14,3,2023-03-31 05:47:40.638571,2187.74,0,0,00:00:00
85,436,23,15,2023-03-16 12:42:58.272879,1314.72,0,0,00:00:00
86,439,21,7,2023-01-26 05:13:36.246401,1614.84,1,1,17:01:53
87,455,15,13,2022-12-30 16:54:42.008738,1912.01,1,1,21:14:30
88,28,25,15,2022-12-25 05:06:20.887305,1438.58,0,0,00:00:00
89,76,19,4,2022-10-14 08:38:38.607756,2584.24,0,0,00:00:00
90,124,30,16,2023-01-02 23:38:47.070916,1762.37,0,0,00:00:00
91,140,7,1,2023-01-30 05:15:33.946748,1265.35,0,0,00:00:00
92,156,24,1,2023-01-31 13:42:00.085653,2166.41,0,0,00:00:00
93,172,30,16,2023-01-18 01:42:28.180732,2098.44,0,0,00:00:00
94,188,25,7,2023-01-17 18:03:40.437228,2058.43,0,0,00:00:00
95,204,21,13,2023-01-21 08:54:08.085956,2871.05,0,0,00:00:00
96,220,31,3,2023-01-26 04:45:51.816201,2614.19,0,0,00:00:00
97,252,9,4,2022-12-12 19:34:22.887168,2993.61,0,0,00:00:00
98,279,14,14,2022-12-05 17:51:10.562558,2619.01,0,0,00:00:00
99,295,23,8,2023-01-21 20:34:24.455320,2996.86,0,0,00:00:00
100,327,9,8,2022-11-26 02:37:06.112500,2162.0,0,0,00:00:00
101,343,3,5,2022-12-13 13:17:28.688687,2452.64,0,0,00:00:00
102,359,13,4,2022-11-06 19:20:42.684374,1901.46,0,0,00:00:00
103,407,17,5,2022-12-18 03:18:16.198641,1030.7,0,0,00:00:00
104,44,21,8,2023-03-08 03:40:27.484238,1477.14,0,0,00:00:00
105,60,31,11,2023-02-06 19:37:27.776972,2177.14,0,0,00:00:00
106,108,23,11,2023-02-12 20:32:45.514196,2108.25,0,0,00:00:00
107,375,23,13,2023-03-13 15:51:17.712978,2136.93,0,0,00:00:00
108,12,21,13,2023-03-28 19:42:00.870119,2066.23,0,0,00:00:00
109,92,22,4,2023-03-27 11:43:41.470284,2838.38,0,0,00:00:00
110,236,2,10,2023-03-13 03:42:08.074479,1636.96,0,0,00:00:00
111,263,3,8,2023-03-11 19:42:57.671903,1108.78,0,0,00:00:00
112,311,24,14,2023-03-06 11:46:07.289168,2163.23,0,0,00:00:00
113,391,29,7,2023-02-14 12:19:46.430097,2557.35,0,0,00:00:00
114,423,14,5,2023-04-02 18:09:36.908237,2825.45,0,0,00:00:00
115,20,30,16,2022-10-24 06:59:47.134877,2523.32,1,1,16:07:21
116,52,17,16,2022-12-09 21:19:51.811761,2441.25,1,0,18:57:46
117,84,15,11,2023-01-17 05:46:04.442189,1432.48,1,1,16:05:16
118,132,17,5,2022-11-11 05:02:36.054448,1902.94,1,1,20:34:50
119,148,17,4,2022-11-26 15:34:11.218285,1535.85,1,1,22:17:51
120,164,19,15,2023-01-03 11:49:47.490507,2852.59,1,1,15:00:40
121,196,2,11,2023-01-31 07:44:01.201352,1761.78,1,1,10:41:33
122,228,3,13,2022-10-06 09:26:46.288975,1072.15,1,0,10:17:04
123,271,21,7,2022-12-26 18:04:27.995367,2535.06,1,0,04:25:52
124,287,19,11,2023-01-05 03:53:09.910117,2392.93,1,1,01:27:56
125,303,25,16,2022-11-23 16:37:54.706498,2405.06,1,1,05:51:01
126,335,19,16,2022-11-20 11:16:02.502698,2012.81,1,0,14:37:26
127,383,25,13,2022-12-11 23:52:09.679960,2838.84,1,1,13:38:35
128,399,23,1,2023-01-14 05:21:49.091966,2714.96,1,1,10:56:11
129,415,31,14,2022-10-18 10:26:16.365164,2807.26,1,0,12:44:00
130,36,7,15,2023-02-16 03:40:03.047115,1627.47,0,0,00:00:00
131,116,9,8,2023-02-02 10:56:00.773468,2420.69,0,0,00:00:00
132,244,31,1,2023-02-07 10:57:14.716419,1762.46,0,0,00:00:00
133,431,2,13,2023-03-01 01:45:48.902960,1143.44,0,0,00:00:00
134,447,29,10,2023-02-08 13:15:59.250668,2722.96,0,0,00:00:00
135,4,13,14,2023-03-20 10:20:56.512141,1731.8,0,0,00:00:00
136,68,25,10,2023-03-12 00:28:13.115580,1177.29,0,0,00:00:00
137,100,13,11,2023-03-13 23:49:06.732974,1837.95,0,0,00:00:00
138,180,19,8,2023-02-06 11:53:14.965142,1808.21,0,0,00:00:00
139,212,17,4,2023-03-10 15:23:46.249033,1792.27,0,0,00:00:00
140,319,15,5,2023-02-17 21:43:54.532803,2090.53,0,0,00:00:00
141,351,24,16,2023-03-15 00:25:44.736421,2289.7,0,0,00:00:00
142,367,14,15,2023-02-16 12:26:16.884788,2485.56,0,0,00:00:00
143,33,1,10,2023-01-09 09:21:41.080209,1988.09,1,1,08:53:26
144,129,24,8,2023-01-26 04:02:23.172616,2515.19,1,1,12:45:42
145,161,1,16,2023-01-04 09:17:02.631388,1195.55,1,0,19:10:19
146,209,7,4,2023-01-24 04:47:34.626144,2612.54,1,1,00:37:13
147,241,17,1,2022-12-02 18:36:24.916050,1585.85,1,1,05:11:50
148,278,17,4,2023-01-22 06:53:19.810042,1997.07,1,0,13:41:41
149,310,15,14,2023-01-14 07:09:11.006694,1857.86,1,1,16:44:28
150,342,17,5,2022-11-24 05:02:30.930315,2516.15,1,0,08:56:53
151,390,3,10,2022-12-14 07:28:18.086933,1983.79,1,0,08:09:17
152,422,15,3,2022-12-05 13:53:13.321512,2591.93,1,1,07:52:07
153,1,23,14,2023-03-27 19:37:42.357097,1096.02,0,0,00:00:00
154,97,21,11,2023-03-10 17:17:00.454064,2374.25,0,0,00:00:00
155,145,17,10,2023-03-02 11:31:22.157899,1468.31,0,0,00:00:00
156,406,14,7,2023-02-03 16:03:52.254611,1839.44,0,0,00:00:00
157,438,14,16,2023-02-13 03:41:02.456086,2522.57,0,0,00:00:00
158,454,30,15,2023-02-06 02:40:45.093732,2771.65,0,0,00:00:00
159,17,29,15,2023-03-25 22:12:06.994836,2938.53,0,0,00:00:00
160,49,25,11,2023-02-18 09:07:54.706096,1924.99,0,0,00:00:00
161,65,24,11,2023-02-14 01:22:28.565554,2268.39,0,0,00:00:00
162,81,1,3,2023-03-21 02:38:28.203668,2094.05,0,0,00:00:00
163,113,1,15,2023-03-31 16:14:27.094821,1286.55,0,0,00:00:00
164,177,21,16,2023-03-02 23:19:43.267504,2365.58,0,0,00:00:00
165,193,24,1,2023-03-22 06:42:03.496431,1550.99,0,0,00:00:00
166,225,15,3,2023-02-14 06:32:26.779704,1112.22,0,0,00:00:00
167,262,31,13,2023-03-06 16:18:28.279592,2118.01,0,0,00:00:00
168,294,7,16,2023-03-18 21:50:09.691018,2966.3,0,0,00:00:00
169,326,3,8,2023-03-16 05:59:21.672789,2681.19,0,0,00:00:00
170,358,25,15,2023-02-24 13:36:46.575626,1855.75,0,0,00:00:00
171,374,19,14,2023-03-15 19:07:56.038080,2852.33,0,0,00:00:00
172,23,23,4,2022-12-03 03:36:43.638219,1563.75,1,1,20:40:13
173,71,1,7,2022-12-15 07:22:17.023272,2727.93,1,0,01:53:18
174,87,2,8,2022-12-05 23:55:00.260728,2465.57,1,1,17:27:36
175,167,30,11,2022-12-06 08:53:48.852102,1871.29,1,1,22:28:41
176,231,21,7,2022-12-22 02:06:42.337802,2450.05,1,1,04:38:23
177,268,19,10,2023-01-31 21:32:33.150863,2023.06,1,1,18:26:28
178,300,15,5,2023-01-02 01:44:24.914400,1408.17,1,0,16:21:00
179,380,31,13,2022-10-25 16:57:20.172395,1850.27,1,0,16:31:25
180,39,29,13,2023-03-26 09:32:05.189678,1171.32,0,0,00:00:00
181,55,14,5,2023-02-08 20:59:44.456169,1869.06,0,0,00:00:00
182,103,29,8,2023-03-10 09:27:55.740458,2491.25,0,0,00:00:00
183,247,29,7,2023-03-11 00:27:35.101826,1587.43,0,0,00:00:00
184,284,21,14,2023-02-18 00:05:05.486173,2690.96,0,0,00:00:00
185,332,24,4,2023-03-17 19:42:55.452282,1507.81,0,0,00:00:00
186,364,3,4,2023-02-20 13:29:58.532295,2950.52,0,0,00:00:00
187,396,7,15,2023-02-16 13:19:53.634188,2254.38,0,0,00:00:00
188,428,21,14,2023-02-02 23:34:46.324484,1393.86,0,0,00:00:00
189,444,7,3,2023-02-03 16:50:13.948917,1486.18,0,0,00:00:00
190,7,31,16,2023-02-28 14:12:18.929701,2318.14,0,0,00:00:00
191,119,24,15,2023-03-21 20:34:44.394139,2254.89,0,0,00:00:00
192,135,24,15,2023-02-18 01:28:47.270722,1068.14,0,0,00:00:00
193,151,17,13,2023-03-01 02:29:59.520046,2327.29,0,0,00:00:00
194,183,25,16,2023-02-20 08:45:04.721332,1589.38,0,0,00:00:00
195,199,1,16,2023-02-25 16:33:41.426600,1486.84,0,0,00:00:00
196,215,24,3,2023-03-06 21:59:18.471626,2660.35,0,0,00:00:00
197,316,1,15,2023-02-19 12:46:25.644919,2432.12,0,0,00:00:00
198,348,25,3,2023-03-21 11:08:50.516750,2170.93,0,0,00:00:00
199,412,13,3,2023-02-06 22:45:45.386464,2537.41,0,0,00:00:00
200,14,25,11,2022-10-25 07:45:16.133072,1255.59,1,0,22:20:25
201,46,21,3,2022-11-23 18:14:43.730794,1513.55,1,1,10:30:09
202,62,1,4,2023-01-07 00:40:37.160267,1598.02,1,1,20:37:07
203,94,25,14,2022-12-06 00:47:11.824792,2443.27,1,0,10:53:21
204,110,23,16,2022-12-05 18:42:29.730608,1353.22,1,0,16:51:36
205,126,7,7,2023-01-28 00:34:02.408516,2217.43,1,0,12:55:30
206,142,2,14,2023-01-22 07:35:20.417092,1020.04,1,1,05:07:38
207,158,29,4,2023-01-20 04:32:33.395467,1309.38,1,0,18:09:28
208,206,24,10,2022-11-15 14:42:13.954606,1029.71,1,0,09:02:11
209,222,31,3,2022-11-21 13:05:57.436350,2370.23,1,1,07:47:23
210,238,22,10,2022-11-25 12:25:18.739256,1228.91,1,0,02:39:37
211,297,1,1,2022-12-01 10:31:39.143096,2554.54,1,0,12:35:17
212,377,19,13,2023-01-03 02:00:54.690282,1010.72,1,1,02:28:30
213,393,21,14,2022-12-19 17:52:42.592676,2167.35,1,1,07:45:36
214,409,31,15,2022-11-29 03:05:39.150686,2600.86,1,1,13:40:15
215,425,13,8,2022-11-28 05:13:12.103783,1237.1,1,1,07:14:17
216,441,2,11,2022-11-12 21:36:31.680489,2260.29,1,1,21:04:08
217,30,31,7,2023-02-18 14:48:44.008373,2796.87,0,0,00:00:00
218,78,31,14,2023-02-06 01:45:47.239079,2283.08,0,0,00:00:00
219,190,21,16,2023-02-12 23:47:33.631005,2803.41,0,0,00:00:00
220,254,21,1,2023-02-18 02:07:24.747392,2939.01,0,0,00:00:00
221,329,29,8,2023-02-25 18:59:02.986736,2668.38,0,0,00:00:00
222,174,9,14,2023-02-21 03:44:28.517089,1999.66,0,0,00:00:00
223,265,9,16,2023-03-03 12:12:09.432535,1218.49,0,0,00:00:00
224,281,21,16,2023-03-22 10:27:26.302986,1649.5,0,0,00:00:00
225,313,23,4,2023-03-19 05:40:25.347268,2600.89,0,0,00:00:00
226,345,15,1,2023-02-20 20:33:16.099788,2640.16,0,0,00:00:00
227,361,29,3,2023-02-14 09:45:37.864691,1087.65,0,0,00:00:00
228,19,25,1,2022-10-02 03:32:36.646358,2739.44,1,0,14:35:26
229,51,24,16,2022-11-08 01:57:13.905923,1376.68,1,1,14:13:25
230,67,23,14,2023-01-26 07:48:26.027636,1366.89,1,1,04:03:17
231,83,14,4,2022-11-13 21:58:34.673512,1611.32,1,0,06:49:28
232,99,13,1,2022-12-06 14:05:13.878335,2671.5,1,0,01:56:20
233,131,21,10,2022-11-10 18:21:27.156244,2600.0,1,1,13:08:05
234,147,30,7,2023-01-30 11:30:52.016080,2063.17,1,0,23:41:44
235,163,19,3,2022-12-27 10:01:55.433398,1486.78,1,1,06:43:52
236,179,30,13,2023-01-05 20:57:04.754843,1102.09,1,0,14:20:03
237,227,21,14,2022-12-22 13:56:10.126626,1078.49,1,1,20:54:14
238,243,14,16,2022-10-18 21:36:42.318009,2376.9,1,0,22:20:24
239,264,3,5,2023-01-02 09:47:52.158431,2940.04,1,1,13:01:52
240,312,29,1,2022-12-12 00:30:49.501053,1258.59,1,1,00:02:07
241,328,7,8,2022-09-25 03:10:04.885111,1176.73,1,1,08:06:35
242,344,15,5,2022-11-01 22:23:17.372009,2754.31,1,1,07:48:44
243,376,25,1,2022-11-22 05:35:28.119752,1245.96,1,1,05:25:39
244,392,22,7,2022-11-01 03:58:06.214243,2525.56,1,0,13:26:55
245,456,25,10,2023-01-18 13:01:33.021208,2056.76,1,0,00:06:23
246,3,24,4,2023-03-10 03:25:50.847151,1338.39,0,0,00:00:00
247,35,24,13,2023-02-03 00:02:02.580627,1115.18,0,0,00:00:00
248,211,13,13,2023-02-12 01:05:35.338059,2540.72,0,0,00:00:00
249,280,15,5,2023-02-21 23:44:15.707557,1232.12,0,0,00:00:00
250,115,21,14,2023-02-11 16:48:17.322554,1000.11,0,0,00:00:00
251,195,3,7,2023-02-12 09:00:24.479932,1549.38,0,0,00:00:00
252,296,7,8,2023-02-15 10:13:36.329616,1049.12,0,0,00:00:00
253,360,1,16,2023-02-24 17:51:19.793930,1366.66,0,0,00:00:00
254,408,23,16,2023-03-12 05:53:06.890352,1761.54,0,0,00:00:00
255,424,15,8,2023-02-28 02:15:36.758602,2182.84,0,0,00:00:00
256,440,25,1,2023-03-22 06:11:43.583550,2592.47,0,0,00:00:00
257,16,15,3,2022-12-12 02:31:28.803086,1580.97,1,1,00:11:04
258,32,7,4,2023-01-14 09:38:28.817330,2380.93,1,1,09:37:14
259,128,30,11,2022-12-23 16:26:24.408974,2335.94,1,0,05:51:21
260,144,21,15,2023-01-21 17:24:51.762270,1766.46,1,0,13:29:26
261,208,7,7,2023-01-04 18:06:42.101621,1664.63,1,1,12:08:28
262,224,30,1,2023-01-27 07:16:52.428170,1920.66,1,1,06:36:49
263,240,21,3,2023-01-02 05:14:31.462798,2531.29,1,1,05:49:32
264,267,24,11,2022-10-29 11:06:59.004660,2926.06,1,1,01:21:35
265,315,21,13,2022-12-21 07:36:56.470040,2084.81,1,1,20:41:56
266,347,9,11,2023-02-01 11:42:20.165676,1546.96,1,1,12:05:08
267,379,21,7,2023-01-14 23:54:11.633795,1519.22,1,0,06:18:18
268,299,21,5,2023-03-04 22:56:05.365761,2072.88,0,0,00:00:00
269,395,29,8,2023-02-21 01:22:37.346194,2537.71,0,0,00:00:00
270,411,30,3,2023-02-22 06:10:14.961903,1615.95,0,0,00:00:00
271,48,29,14,2023-03-15 04:41:35.253038,2026.59,0,0,00:00:00
272,64,15,11,2023-02-23 04:42:12.485586,2371.3,0,0,00:00:00
273,80,23,15,2023-03-08 22:45:44.816762,1383.24,0,0,00:00:00
274,96,22,8,2023-02-03 17:21:32.290771,2155.35,0,0,00:00:00
275,112,23,8,2023-03-19 20:53:56.431986,1366.75,0,0,00:00:00
276,160,22,14,2023-03-09 19:48:13.938786,2353.45,0,0,00:00:00
277,176,24,4,2023-03-21 22:37:40.161012,2254.14,0,0,00:00:00
278,192,21,16,2023-02-21 16:00:16.502130,2317.95,0,0,00:00:00
279,283,9,1,2023-03-06 11:25:14.446235,2344.1,0,0,00:00:00
280,331,9,13,2023-02-26 14:34:47.024420,2626.84,0,0,00:00:00
281,363,29,13,2023-02-27 09:06:26.966801,2992.92,0,0,00:00:00
282,427,17,15,2023-02-22 19:45:13.922864,1358.76,0,0,00:00:00
283,443,21,16,2023-02-10 16:39:55.802361,2574.14,0,0,00:00:00
284,26,19,3,2022-11-03 03:06:30.966981,1319.15,1,1,03:08:23
285,42,9,4,2023-01-15 10:27:04.149657,2076.23,1,1,19:12:07
286,106,2,10,2022-12-21 20:08:44.391094,2575.47,1,1,13:34:11
287,122,19,1,2022-11-22 23:37:09.237087,1866.67,1,1,05:57:23
288,138,15,14,2023-01-20 19:11:08.452767,1288.07,1,0,15:11:53
289,154,9,1,2023-01-08 07:32:16.256795,2254.69,1,0,22:51:35
290,186,9,14,2022-10-18 06:59:20.341260,1000.67,1,1,19:15:53
291,202,2,13,2023-01-18 03:01:48.539061,1804.68,1,1,09:39:27
292,218,7,11,2023-01-28 03:18:35.030364,2560.47,1,0,07:00:17
293,250,19,16,2022-11-04 00:16:35.700976,1506.97,1,1,20:30:23
294,261,24,14,2022-12-18 08:11:51.035426,1334.73,1,1,01:01:10
295,293,24,10,2022-10-05 20:01:28.851472,1650.85,1,0,19:46:15
296,357,1,8,2023-01-23 19:07:08.680301,2933.52,1,0,10:21:38
297,389,31,4,2022-12-17 00:27:03.045793,1334.76,1,1,18:48:45
298,405,13,10,2022-12-16 16:31:09.663513,1963.33,1,0,15:14:23
299,421,2,3,2022-10-09 22:19:21.261240,1848.86,1,1,20:38:36
300,437,3,16,2022-11-10 16:39:58.320876,1635.65,1,0,07:08:21
301,10,19,5,2023-02-13 13:25:07.910215,2203.22,0,0,00:00:00
302,74,21,7,2023-02-10 02:42:31.283862,2558.22,0,0,00:00:00
303,90,21,3,2023-03-10 03:52:51.054737,1268.17,0,0,00:00:00
304,170,14,13,2023-03-05 05:02:25.122018,2016.33,0,0,00:00:00
305,341,22,16,2023-02-05 00:14:20.951837,2169.84,0,0,00:00:00
306,373,9,5,2023-02-08 14:13:27.587667,1765.88,0,0,00:00:00
307,453,24,11,2023-03-15 00:22:25.115858,2174.05,0,0,00:00:00
308,58,24,13,2023-03-16 14:42:30.707120,1593.0,0,0,00:00:00
309,234,2,5,2023-03-31 06:28:56.487544,2534.49,0,0,00:00:00
310,277,1,15,2023-03-11 02:43:38.370563,2992.71,0,0,00:00:00
311,309,22,15,2023-02-26 18:58:29.837812,1427.32,0,0,00:00:00
312,325,3,11,2023-02-19 02:27:49.225842,1335.45,0,0,00:00:00
313,77,19,7,2023-01-25 11:45:46.603221,2809.97,1,0,20:26:00
314,93,15,10,2023-01-09 04:48:22.024278,1258.51,1,0,00:25:33
315,237,30,5,2022-10-19 14:23:38.282001,1580.89,1,0,04:04:51
316,253,7,13,2022-11-16 00:57:51.185437,2927.31,1,0,09:20:48
317,306,2,14,2022-12-24 23:46:21.444674,2834.45,1,1,12:35:31
318,322,2,11,2022-11-01 21:33:17.026223,2273.53,1,1,05:42:29
319,338,21,4,2022-11-12 04:40:42.133189,1969.59,1,0,06:52:49
320,402,24,13,2022-11-10 20:24:22.845106,1973.7,1,1,04:12:18
321,418,30,7,2023-01-21 11:58:51.566253,1364.12,1,0,13:03:23
322,450,22,7,2022-12-26 17:55:03.839789,1983.05,1,1,05:50:21
323,45,22,11,2023-02-28 05:40:05.544802,2738.09,0,0,00:00:00
324,125,31,7,2023-03-15 10:56:36.255555,1697.43,0,0,00:00:00
325,157,30,8,2023-02-27 23:23:36.870179,1368.68,0,0,00:00:00
326,173,3,7,2023-02-21 16:28:46.874668,1271.11,0,0,00:00:00
327,290,9,15,2023-02-03 22:05:52.244948,2193.03,0,0,00:00:00
328,354,3,15,2023-03-23 12:16:25.329437,1639.42,0,0,00:00:00
329,434,22,1,2023-02-21 00:49:47.968263,2017.16,0,0,00:00:00
330,13,24,10,2023-02-23 01:42:04.640769,2181.7,0,0,00:00:00
331,29,19,16,2023-03-06 13:54:32.053653,2022.08,0,0,00:00:00
332,61,31,11,2023-02-20 22:24:45.625362,2295.15,0,0,00:00:00
333,109,15,5,2023-03-09 12:40:57.568484,1889.95,0,0,00:00:00
334,141,7,16,2023-03-25 04:02:17.483490,2116.48,0,0,00:00:00
335,189,7,16,2023-03-03 11:11:54.376706,1742.06,0,0,00:00:00
336,205,2,4,2023-03-21 02:56:55.951431,1610.84,0,0,00:00:00
337,221,19,14,2023-02-24 08:00:21.886074,2140.05,0,0,00:00:00
338,258,3,5,2023-02-18 17:59:36.705658,1808.48,0,0,00:00:00
339,274,21,14,2023-03-19 23:05:33.113354,2137.17,0,0,00:00:00
340,370,29,3,2023-03-19 03:50:39.975625,2206.6,0,0,00:00:00
341,386,31,11,2023-02-03 00:59:35.842684,2413.84,0,0,00:00:00
342,2,25,14,2022-12-06 06:21:52.895071,1438.46,1,1,04:36:13
343,18,21,4,2022-12-03 10:43:18.940184,1475.24,1,1,20:42:43
344,98,23,5,2022-11-02 05:33:22.025123,2996.48,1,0,16:38:22
345,130,29,11,2022-11-24 15:03:30.959265,2905.08,1,0,01:26:54
346,194,1,10,2023-01-22 19:07:18.570048,2681.44,1,1,21:36:26
347,226,2,14,2023-01-27 22:53:52.088873,1713.37,1,1,22:31:27
348,242,22,10,2022-12-07 04:54:57.130444,1450.85,1,0,07:54:33
349,269,14,3,2023-01-05 21:32:12.226414,2559.06,1,0,03:21:20
350,285,24,4,2023-01-08 06:45:55.414746,2684.46,1,1,22:48:59
351,333,23,7,2022-12-18 12:19:40.273662,1207.29,1,1,21:52:18
352,349,25,8,2022-10-09 12:03:55.145577,2868.86,1,0,19:45:27
353,429,14,4,2022-10-16 00:54:51.740705,2086.7,1,1,09:53:57
354,34,1,15,2023-03-13 03:05:50.945351,2421.49,0,0,00:00:00
355,66,31,11,2023-03-01 08:14:33.913841,2386.08,0,0,00:00:00
356,114,24,5,2023-02-22 16:48:00.955675,2923.96,0,0,00:00:00
357,178,24,10,2023-02-26 05:06:43.456003,2178.07,0,0,00:00:00
358,210,22,16,2023-03-17 19:06:07.633276,1691.22,0,0,00:00:00
359,301,19,13,2023-02-23 00:53:17.950547,2112.93,0,0,00:00:00
360,317,17,16,2023-03-24 21:20:07.330607,2381.0,0,0,00:00:00
361,381,19,13,2023-03-12 00:34:43.169510,1776.17,0,0,00:00:00
362,413,23,11,2023-02-22 08:56:15.697173,1174.68,0,0,00:00:00
363,445,1,5,2023-02-20 18:33:13.251350,1257.81,0,0,00:00:00
364,50,14,3,2023-03-11 22:35:45.536006,1700.28,0,0,00:00:00
365,82,19,7,2023-02-02 14:56:20.763209,2540.86,0,0,00:00:00
366,146,15,10,2023-03-23 00:03:06.928296,2690.16,0,0,00:00:00
367,162,1,13,2023-03-31 18:24:38.601032,1439.57,0,0,00:00:00
368,365,25,4,2023-02-14 15:55:37.539089,1447.03,0,0,00:00:00
369,397,14,11,2023-02-03 06:18:34.087701,1963.81,0,0,00:00:00
370,24,29,10,2023-01-31 09:00:54.961601,1270.79,1,1,03:51:03
371,104,14,1,2022-11-19 06:57:29.990058,1092.78,1,0,10:39:26
372,152,21,1,2023-01-27 16:39:51.419162,2566.26,1,1,20:39:47
373,168,19,10,2022-10-13 20:38:43.320947,1601.17,1,1,23:00:48
374,184,29,7,2022-10-13 05:44:12.117634,1050.19,1,1,13:26:20
375,232,23,15,2022-11-25 22:32:57.554418,1684.31,1,0,04:32:09
376,259,19,15,2022-10-21 09:02:26.182590,2763.1,1,1,07:52:49
377,275,30,4,2022-12-18 00:48:33.569471,1519.46,1,0,05:09:43
378,387,30,4,2022-09-16 05:52:47.972650,1638.78,1,1,03:45:08
379,435,30,3,2023-01-30 05:55:51.704344,2438.54,1,0,08:32:45
380,451,21,14,2023-01-27 09:28:47.389625,1425.69,1,0,07:06:38
381,8,19,14,2023-03-10 07:08:11.413977,2316.56,0,0,00:00:00
382,40,25,1,2023-03-05 08:41:03.061890,1577.75,0,0,00:00:00
383,120,15,11,2023-02-09 03:48:03.006330,2416.88,0,0,00:00:00
384,136,21,14,2023-02-11 07:30:07.204064,2647.18,0,0,00:00:00
385,200,31,3,2023-03-03 16:45:15.365946,2253.45,0,0,00:00:00
386,216,29,5,2023-03-03 16:16:37.565045,1160.97,0,0,00:00:00
387,248,14,16,2023-02-26 03:13:43.004710,2196.61,0,0,00:00:00
388,291,30,10,2023-03-18 15:30:50.972942,1193.34,0,0,00:00:00
389,307,25,5,2023-02-16 07:13:15.458477,2426.15,0,0,00:00:00
390,419,29,10,2023-02-04 15:01:25.311828,1813.03,0,0,00:00:00
391,56,21,13,2023-02-18 02:44:00.226328,1382.99,0,0,00:00:00
392,72,30,5,2023-02-08 04:40:51.124531,1626.52,0,0,00:00:00
393,88,21,14,2023-03-02 17:46:25.879290,1762.56,0,0,00:00:00
394,323,21,14,2023-04-01 07:14:30.157367,1541.15,0,0,00:00:00
395,339,2,16,2023-02-03 02:59:00.390426,1788.92,0,0,00:00:00
396,355,21,8,2023-02-25 16:12:37.192057,1811.93,0,0,00:00:00
397,371,19,15,2023-03-09 09:01:38.547524,1366.61,0,0,00:00:00
398,403,13,7,2023-02-28 08:44:04.586313,1673.8,0,0,00:00:00
399,21,30,1,2022-11-06 16:16:36.402187,2599.1,1,1,13:09:32
400,69,21,3,2023-01-04 12:18:15.273238,2509.02,1,0,18:20:19
401,85,2,16,2023-01-03 03:54:22.626237,1832.05,1,0,23:19:21
402,101,31,7,2022-10-27 07:05:59.135354,1640.85,1,0,03:38:03
403,213,14,15,2022-11-17 21:45:31.126245,2887.93,1,0,08:36:41
404,245,17,13,2023-01-01 18:29:47.853146,2605.7,1,1,03:27:43
405,298,23,3,2022-12-31 10:01:05.573922,2217.63,1,1,00:52:18
406,314,23,14,2023-01-21 11:17:54.459404,2886.83,1,0,14:05:02
407,378,29,13,2022-11-14 04:55:11.551849,2376.15,1,0,13:02:06
408,5,1,13,2023-03-17 15:23:57.777276,1234.21,0,0,00:00:00
409,133,14,3,2023-02-15 03:16:42.131438,2063.18,0,0,00:00:00
410,149,21,7,2023-02-20 12:12:55.189800,1049.39,0,0,00:00:00
411,165,1,1,2023-03-16 23:59:03.731707,2173.44,0,0,00:00:00
412,181,21,4,2023-02-18 21:00:32.424608,2191.58,0,0,00:00:00
413,197,30,13,2023-02-15 16:02:27.580678,1017.01,0,0,00:00:00
414,282,19,7,2023-02-06 10:48:49.734206,1832.09,0,0,00:00:00
415,362,19,11,2023-03-12 11:07:43.990294,2236.21,0,0,00:00:00
416,426,17,8,2023-03-07 20:58:23.729308,1395.78,0,0,00:00:00
417,442,15,14,2023-02-13 13:42:43.068724,2759.48,0,0,00:00:00
418,37,15,16,2023-02-27 00:06:12.021318,2733.51,0,0,00:00:00
419,53,14,10,2023-02-21 08:19:11.387250,1949.02,0,0,00:00:00
420,117,2,1,2023-02-20 08:22:43.915086,1237.9,0,0,00:00:00
421,229,22,15,2023-03-02 07:47:58.074056,1884.94,0,0,00:00:00
422,266,19,10,2023-03-18 16:20:18.664992,1555.44,0,0,00:00:00
423,330,13,5,2023-03-13 20:42:27.165477,2242.06,0,0,00:00:00
424,346,3,13,2023-03-26 00:35:04.807091,1613.76,0,0,00:00:00
425,394,25,11,2023-03-30 12:34:02.152995,2011.1,0,0,00:00:00
426,410,17,10,2023-02-16 15:07:25.030296,2575.97,0,0,00:00:00
427,11,24,8,2023-01-29 09:54:54.953200,1605.03,1,0,01:08:16
428,27,3,4,2023-01-26 21:03:07.262793,2530.94,1,1,17:29:00
429,91,21,13,2022-12-04 17:15:55.215955,1906.39,1,1,18:58:04
430,107,2,3,2023-01-26 05:54:21.240944,1180.46,1,0,23:30:48
431,139,21,3,2022-11-25 01:10:42.439109,1720.53,1,1,04:39:52
432,187,21,14,2023-01-21 11:58:25.638774,1332.34,1,0,09:42:58
433,235,25,15,2022-10-25 15:41:16.383590,1988.68,1,0,08:03:23
434,304,7,5,2022-12-07 23:15:08.740608,2061.37,1,0,00:36:46
435,384,15,13,2023-02-01 13:57:15.674733,2754.01,1,0,01:00:32
436,416,22,8,2022-12-13 11:29:51.477402,2231.22,1,0,17:52:29
437,432,31,3,2023-02-01 01:07:45.927132,2685.09,1,0,20:46:47
438,59,21,16,2023-02-26 21:09:57.849140,2219.63,0,0,00:00:00
439,171,2,14,2023-03-16 23:34:09.224264,2319.78,0,0,00:00:00
440,219,19,16,2023-02-04 04:06:09.223693,2257.7,0,0,00:00:00
441,288,9,4,2023-02-26 03:33:09.965146,2564.41,0,0,00:00:00
442,320,2,5,2023-02-04 05:37:57.602063,2404.02,0,0,00:00:00
443,368,24,8,2023-03-03 14:52:48.552893,1725.32,0,0,00:00:00
444,448,24,11,2023-02-19 00:16:13.693491,2799.76,0,0,00:00:00
445,43,30,13,2023-03-16 19:45:19.716596,2771.92,0,0,00:00:00
446,75,21,15,2023-03-27 14:31:41.589418,2392.88,0,0,00:00:00
447,123,22,13,2023-02-21 13:08:17.625089,2713.44,0,0,00:00:00
448,155,13,8,2023-02-06 17:24:56.426296,2967.49,0,0,00:00:00
449,203,30,1,2023-03-29 06:50:57.456279,2114.89,0,0,00:00:00
450,251,31,13,2023-03-20 14:11:57.965019,2621.15,0,0,00:00:00
451,256,30,13,2023-03-14 18:36:51.102229,1629.67,0,0,00:00:00
452,272,25,1,2023-03-29 11:57:22.913586,2901.41,0,0,00:00:00
453,336,2,4,2023-03-20 20:26:42.731413,1263.07,0,0,00:00:00
454,352,1,14,2023-04-02 04:59:13.797930,2764.82,0,0,00:00:00
455,400,23,16,2023-03-20 15:36:18.430027,1030.33,0,0,00:00:00
